,CodeISO3,Population_total,PIBparHab_mean,DeltaPrixProdFRA_moy,DispoAlim_g_personne_jour_moy,DispoAlim_Tonnes_moy,Production_Tonnes_moy,NbrPaysPartenaireImport,MoyenneImportations_TonnesAnnuelle,Delta_PrixMoyenImportations_USDparTonnes_PrixProdFRA,Nbr_PartenaireExport,MoyenneExportations_TonnesAnnuelle,Delta_PrixMoyenExportations_USDparTonnes_PrixProdFRA
0,NRU,10653.42857142857,10556.498337934963,-0.01,-0.01,-0.01,-0.01,-0.01,-0.01,-0.01,-0.01,-0.01,-0.01
1,TUV,11510.42857142857,4298.659064461726,-0.01,-0.01,-0.01,-0.01,3.8333333333333335,536.3333333333334,-515.4601512326499,-0.01,-0.01,-0.01
2,PLW,17910.0,15616.811921017226,-0.01,-0.01,-0.01,-0.01,-0.01,-0.01,-0.01,-0.01,-0.01,-0.01
5,SMR,33720.0,45746.12390658095,-0.01,-0.01,-0.01,-0.01,-0.01,-0.01,-0.01,-0.01,-0.01,-0.01
7,TCA,37636.857142857145,27209.39150351973,-0.01,-0.01,-0.01,-0.01,-0.01,-0.01,-0.01,-0.01,-0.01,-0.01
8,LIE,37893.42857142857,169626.05299011574,-0.01,-0.01,-0.01,-0.01,-0.01,-0.01,-0.01,-0.01,-0.01,-0.01
9,MCO,38656.857142857145,177034.42131434462,-0.01,-0.01,-0.01,-0.01,-0.01,-0.01,-0.01,-0.01,-0.01,-0.01
10,SXM,41003.857142857145,30959.943820096767,-0.01,-0.01,-0.01,-0.01,-0.01,-0.01,-0.01,-0.01,-0.01,-0.01
11,FRO,48520.857142857145,62116.40723707888,-0.01,-0.01,-0.01,-0.01,2.5,364.6666666666667,1715.770597196831,-0.01,-0.01,-0.01
12,KNA,52411.28571428572,19590.953059469477,-0.01,141.0,2675.0,63.0,4.5,3336.1666666666665,-38.226256848345884,-0.01,-0.01,-0.01
13,ASM,55462.142857142855,12035.951154771963,-0.01,-0.01,-0.01,-0.01,-0.01,-0.01,-0.01,-0.01,-0.01,-0.01
14,GRL,56248.42857142857,51018.038916002944,-0.01,-0.01,-0.01,-0.01,-0.01,-0.01,-0.01,-0.01,-0.01,-0.01
15,MNP,56869.71428571428,20437.970671001716,-0.01,-0.01,-0.01,-0.01,-0.01,-0.01,-0.01,-0.01,-0.01,-0.01
16,MHL,58462.142857142855,3809.7298273687134,-0.01,-0.01,-0.01,-0.01,-0.01,-0.01,-0.01,-0.01,-0.01,-0.01
17,CYM,64143.57142857143,83559.23335030544,-0.01,-0.01,-0.01,-0.01,-0.01,-0.01,-0.01,-0.01,-0.01,-0.01
18,BMU,64179.0,109445.15167046025,-0.01,-0.01,-0.01,-0.01,-0.01,-0.01,-0.01,-0.01,-0.01,-0.01
19,DMA,71648.42857142857,7750.624763373315,-0.01,107.0,2795.6,358.0,3.5,3861.5,-161.39514221589206,1.0,1.0,-735.7833333333335
20,AND,77294.0,39400.297537837214,-0.01,-0.01,-0.01,-0.01,-0.01,-0.01,-0.01,-0.01,-0.01,-0.01
21,IMN,84177.42857142857,85729.57938652005,-0.01,-0.01,-0.01,-0.01,-0.01,-0.01,-0.01,-0.01,-0.01,-0.01
22,ATG,96224.14285714286,15405.642660890058,-0.01,150.4,5241.6,83.2,6.0,5680.333333333333,80.01386166695988,1.0,34.0,-471.0774509803923
23,SYC,96570.0,15093.485604967069,-0.01,96.2,3390.4,542.8,13.333333333333334,2884.8333333333335,-359.27400292718653,1.0,32.5,-243.47564102564115
24,TON,103439.57142857143,4552.530542183037,-0.01,-0.01,-0.01,-0.01,5.833333333333333,9733.833333333334,-732.7184222842436,-0.01,-0.01,-0.01
25,ABW,105811.71428571429,28325.332615451123,-0.01,-0.01,-0.01,-0.01,-0.01,-0.01,-0.01,-0.01,-0.01,-0.01
26,VIR,106905.57142857143,36826.8780367649,-0.01,-0.01,-0.01,-0.01,-0.01,-0.01,-0.01,-0.01,-0.01,-0.01
27,VCT,110206.71428571429,7792.858218234166,-0.01,182.2,7312.4,451.4,2.3333333333333335,7278.666666666667,-389.74926115894255,1.0,1.0,-735.7833333333335
28,GRD,111389.28571428571,9871.332789650825,3955.816666666667,99.6,4029.2,510.8,6.0,5979.0,-151.2374226459276,1.0,25.0,104.21666666666647
29,FSM,112612.71428571429,3355.579693412894,-0.01,-0.01,-0.01,-0.01,-0.01,-0.01,-0.01,-0.01,-0.01,-0.01
30,KIR,115984.71428571429,1568.6003488377407,-0.01,38.2,1590.6,912.6,3.8333333333333335,1293.6666666666667,721.701850897535,-0.01,-0.01,-0.01
31,CUW,157416.0,18446.44745433014,-0.01,-0.01,-0.01,-0.01,-0.01,-0.01,-0.01,-0.01,-0.01,-0.01
32,GUM,165873.14285714287,36252.97186189484,-0.01,-0.01,-0.01,-0.01,-0.01,-0.01,-0.01,-0.01,-0.01,-0.01
34,LCA,181832.7142857143,10296.053633820271,2580.5333333333333,138.8,9153.2,1565.0,3.8333333333333335,6010.333333333333,-410.3160824875679,1.0,2.0,-1235.7833333333335
35,WSM,196454.7142857143,4116.826357132014,-0.01,174.8,12459.8,474.6,-0.01,-0.01,-0.01,-0.01,-0.01,-0.01
36,STP,211193.0,1972.1900835450422,-0.01,27.2,2077.8,634.2,11.0,2348.5,-451.20452416436046,-0.01,-0.01,-0.01
37,NCL,270654.28571428574,34155.41855642265,-0.01,90.6,9153.4,877.8,8.333333333333334,8650.5,398.1202945879811,1.0,7.0,1121.3595238095238
38,PYF,277742.71428571426,20661.961996333546,-0.01,123.4,12464.4,665.0,7.333333333333333,15327.0,-326.6360768578327,1.0,4.0,7514.216666666666
39,BRB,286584.85714285716,17180.727991451055,-0.01,118.4,12393.6,15906.8,2.1666666666666665,706.3333333333334,905.3209611451941,4.166666666666667,65.16666666666667,1530.2013213981243
40,VUT,292732.0,2966.1721944244186,-0.01,30.8,3215.8,1151.0,4.0,3257.1666666666665,504.3026309505533,1.0,27.0,-217.26481481481505
41,ISL,351670.85714285716,64333.11226451968,1727.7,78.2,9537.0,9222.2,7.333333333333333,1077.3333333333333,1987.6077557755773,3.0,15.0,14930.883333333335
42,BLZ,383008.28571428574,4666.94761081024,-0.01,69.2,9518.6,19422.0,1.8333333333333333,87.5,595.645238095238,1.0,80.5,-136.4044513457559
43,BHS,385593.5714285714,30478.065480052042,-0.01,107.6,15004.0,6907.0,10.0,19479.5,239.2245809697372,1.0,26.0,-1197.3217948717952
44,BRN,428636.71428571426,30033.749008951487,1518.08,-0.01,-0.01,-0.01,2.1666666666666665,1156.5,602.3057284911367,-0.01,-0.01,-0.01
45,MLT,484185.85714285716,29251.46530840834,-89.99999999999996,48.4,7737.6,3846.2,15.333333333333334,5409.666666666667,898.5441052026206,1.6666666666666667,5.666666666666667,-147.54803921568646
46,MDV,508234.28571428574,9167.049069519975,-0.01,34.4,6212.6,-0.01,22.833333333333332,11442.333333333334,166.24713830706605,-0.01,-0.01,-0.01
47,CPV,543566.8571428572,3317.3856351682975,3060.383333333333,41.0,8014.6,943.2,13.6,10372.8,-537.2641292611447,-0.01,-0.01,-0.01
48,SUR,575757.4285714285,6430.957546198235,1698.8200000000002,104.8,21895.2,9253.8,5.166666666666667,19807.5,-756.4320774958982,2.6666666666666665,1868.3333333333333,-994.8377490336012
49,LUX,606484.8571428572,115812.28535804474,3442.6,35.8,7680.0,274.0,7.333333333333333,7656.166666666667,2988.5565234270116,6.0,326.6666666666667,3991.767687074829
50,MNE,621795.5714285715,8062.091136259595,-0.01,39.2,8973.4,3686.2,13.333333333333334,6656.666666666667,353.3754047738273,2.0,9.0,1227.1796296296295
51,MAC,631043.8571428572,67818.81909858841,-0.01,72.6,16468.0,3684.4,11.0,18678.166666666668,963.919528296555,1.0,37.0,223.67612612612584
52,SLB,653164.4285714285,2289.3577960706302,-0.01,10.2,2422.4,291.2,3.6666666666666665,3165.6666666666665,559.4677986030676,-0.01,-0.01,-0.01
53,BTN,754165.1428571428,3050.0647694635722,6088.7,-0.01,-0.01,-0.01,1.0,1055.1666666666667,138.6440872953192,5.0,168.0,-973.8785714285716
54,GUY,778954.8571428572,6745.716353054905,-0.01,105.2,29755.6,34852.0,3.3333333333333335,266.6666666666667,-725.7833333333335,1.0,2.0,1764.2166666666665
55,COM,832598.0,1375.0761956889892,-0.01,37.4,11049.8,592.4,14.0,12595.5,-518.721684331706,-0.01,-0.01,-0.01
56,FJI,884469.4285714285,5620.684479206641,2711.9500000000003,74.8,24019.0,28254.6,2.3333333333333335,2788.0,-12.684337637494309,7.6,257.8,1619.5308637186447
57,DJI,958556.2857142857,3041.772658675241,-0.01,7.4,2556.8,-0.01,7.0,2704.6666666666665,-89.92432421329408,-0.01,-0.01,-0.01
58,SWZ,1137111.4285714286,3792.0684287887657,-0.01,18.2,7451.4,6254.8,5.333333333333333,1559.0,-877.5408702159506,1.5,217.16666666666666,-279.912266564339
59,CYP,1188806.5714285714,27505.747721354168,1127.4,59.4,25558.8,24955.8,17.666666666666668,9751.333333333334,767.8913778172785,8.666666666666666,716.0,-1076.0999068901306
60,MUS,1264786.4285714286,9782.073295447843,156.48333333333332,103.4,47826.2,47940.0,9.333333333333334,166.0,63.41345381526094,2.6666666666666665,30.666666666666668,3416.3905797101443
61,TLS,1268893.5714285714,1403.3257638227287,-0.01,16.2,7398.4,924.6,-0.01,-0.01,-0.01,-0.01,-0.01,-0.01
62,GNQ,1309084.0,9096.78235373218,-0.01,-0.01,-0.01,-0.01,-0.01,-0.01,-0.01,-0.01,-0.01,-0.01
63,EST,1322306.5714285714,22082.306591496377,-0.01,45.4,21807.4,19883.6,17.0,17252.833333333332,12.19042943027057,17.5,6102.0,133.33061837648847
64,TTO,1388518.5714285714,16569.38582924376,-0.01,164.0,82853.2,60083.0,4.333333333333333,17501.833333333332,-613.3390179758949,5.0,93.0,2280.3456989247306
65,BHR,1564600.7142857143,22586.67456614799,-0.01,-0.01,-0.01,-0.01,22.0,54319.5,249.2404610683086,17.5,319.6666666666667,1361.7140597844975
66,XKX,1791304.4285714286,4229.6462661819505,-0.01,-0.01,-0.01,-0.01,-0.01,-0.01,-0.01,-0.01,-0.01,-0.01
67,GNB,1875213.7142857143,726.2601495159107,-0.01,6.2,3967.8,2652.4,-0.01,-0.01,-0.01,-0.01,-0.01,-0.01
68,LVA,1929131.2857142857,17042.700405642983,231.96666666666673,52.8,37581.8,32315.4,16.0,33560.0,-375.72175208581666,19.166666666666668,12986.0,274.11193849786923
69,MKD,2072536.0,5792.938898587882,-0.01,49.0,37070.4,1588.6,24.166666666666668,36096.0,-399.3379284869977,2.1666666666666665,416.6666666666667,-725.3833333333336
70,SVN,2080952.2857142857,24886.44285571628,-113.5,55.4,41969.6,60821.2,14.0,12701.833333333334,543.8350944526817,20.833333333333332,17443.833333333332,980.4774273939531
71,LSO,2108642.4285714286,1121.3025397342496,-0.01,20.8,15911.8,1824.8,-0.01,-0.01,-0.01,-0.01,-0.01,-0.01
72,GAB,2116684.8571428573,7498.971493068682,-0.01,73.2,55245.2,3917.8,27.833333333333332,64168.333333333336,-701.8569418110353,1.5,55.0,-753.9651515151517
73,BWA,2256050.285714286,6972.253406765135,-0.01,8.2,6705.6,3690.0,2.5,2544.6666666666665,-753.5983713212822,1.2,7.4,1453.4058558558556
74,GMB,2282897.5714285714,741.6229855042735,-0.01,24.0,19441.4,1611.6,12.333333333333334,18860.5,-1363.8861584616882,1.0,27.0,-1180.227777777778
75,NAM,2449521.714285714,4824.430099603654,-0.01,25.4,22479.0,10258.6,20.833333333333332,27552.833333333332,-516.5862755594808,8.5,14406.833333333334,-549.5522624294799
76,MDA,2708495.5714285714,4029.3199737373484,-0.01,42.6,63359.4,46472.4,11.5,15602.333333333334,-823.2916120095999,2.0,142.0,-566.7692488262912
77,QAT,2767164.4285714286,59933.06456777451,3875.65,-0.01,-0.01,-0.01,30.0,123062.0,47.68353702469744,7.0,366.0,-55.455464480874525
78,LTU,2826775.714285714,18616.653421327097,-0.01,69.8,72416.8,112080.8,17.0,35232.5,-247.5409434944063,43.0,47596.166666666664,320.12102871262937
79,ALB,2857191.8571428573,5097.880612368122,-0.01,30.2,31876.6,13147.8,10.666666666666666,23374.5,-566.8385430704402,-0.01,-0.01,-0.01
80,JAM,2933695.285714286,4955.391704524595,-0.01,137.0,145940.2,126756.8,3.0,24890.166666666668,-1009.9009567589165,2.0,31.0,1468.5177419354839
81,ARM,2949618.0,4160.055144554809,2329.4,41.0,44013.2,10900.0,11.6,34546.4,-704.0636751345053,1.6666666666666667,43.666666666666664,-346.4703562340969
82,MNG,3167361.8571428573,4115.212313612467,-0.01,7.4,8613.8,226.0,5.333333333333333,10315.166666666666,41.35712327586657,-0.01,-0.01,-0.01
83,PRI,3305337.1428571427,31255.15358951203,-0.01,-0.01,-0.01,-0.01,-0.01,-0.01,-0.01,-0.01,-0.01,-0.01
84,BIH,3333765.714285714,5818.930342392523,-721.6999999999999,48.0,58903.0,59710.4,12.666666666666666,8470.833333333334,-739.4429496638795,6.833333333333333,3881.1666666666665,-224.89743132792273
85,URY,3448956.714285714,16860.119781358677,15.259999999999991,22.4,28153.8,32869.4,3.3333333333333335,1120.1666666666667,478.76807270743416,10.833333333333334,3389.6666666666665,-539.8446962992102
86,GEO,3722688.714285714,4465.446226908504,17.116666666666635,41.8,60974.4,21520.0,23.333333333333332,49170.333333333336,-524.3346956046219,5.166666666666667,6287.666666666667,-678.0512652635673
87,HRV,4086037.1428571427,14421.949462345974,-0.01,25.4,38886.0,52648.0,17.0,13479.5,904.3615780753487,14.5,5969.166666666667,204.8839848294474
88,KWT,4113151.285714286,29621.35833482,-0.01,125.4,185025.2,55893.4,17.666666666666668,133294.33333333334,330.77613531124484,10.666666666666666,3405.6666666666665,1732.9941943166616
89,PAN,4175998.0,14386.63812817262,-0.01,110.0,165741.4,200624.6,10.5,12848.833333333334,-386.4390348885979,1.2,52.2,-751.1090038314178
90,MRT,4406599.714285715,1649.917425050634,-0.01,14.8,23419.4,4541.4,12.833333333333334,26800.0,-926.7286069651743,-0.01,-0.01,-0.01
91,PSE,4581770.857142857,3486.0825091431434,1864.22,-0.01,-0.01,-0.01,-0.01,-0.01,-0.01,-0.01,-0.01,-0.01
92,CAF,4684026.0,452.8194889481829,-0.01,6.4,10908.2,6591.8,11.833333333333334,4882.166666666667,-909.0670529933205,-0.01,-0.01,-0.01
93,OMN,4792421.428571428,17131.736461047018,-0.01,58.6,99605.4,6492.4,20.0,111543.5,-113.02479817291032,9.333333333333334,13786.666666666666,1950.7858156028367
94,LBR,4822210.857142857,686.5424211794076,-0.01,27.4,47209.0,14074.6,-0.01,-0.01,-0.01,-0.01,-0.01,-0.01
95,IRL,4868605.714285715,78240.49836896705,-0.01,51.6,89557.6,116068.0,17.5,72779.83333333333,1786.1904735133432,20.0,61303.0,-382.5624469166819
96,NZL,4889957.142857143,42533.797999726696,-0.01,70.8,121206.8,218013.6,1.0,8.0,-173.28333333333353,18.0,15173.166666666666,769.1211581483392
97,CRI,4996752.428571428,12268.684061751226,-0.01,70.8,127825.4,133306.6,2.5,11107.666666666666,-363.8330287389092,3.5,713.3333333333334,-37.88613707165132
98,COG,5249680.857142857,2265.032336854566,-0.01,49.0,91583.4,6735.6,25.666666666666668,89987.66666666667,-714.6674767159452,2.0,292.5,-1134.9286324786326
99,NOR,5306814.428571428,76556.01115530504,616.1833333333334,49.8,96386.4,89514.4,9.0,688.1666666666666,738.1813070154192,4.333333333333333,69.83333333333333,5027.939817024661
100,SVK,5442974.714285715,18650.399456703894,-0.01,34.2,67888.8,67423.4,18.5,61784.5,215.2615619613332,24.0,28007.333333333332,734.5577678068441
101,FIN,5513059.714285715,48062.8231094167,-220.73333333333332,43.8,87856.0,121187.2,13.333333333333334,4779.833333333333,2111.5614136941085,26.333333333333332,11187.333333333334,-773.0576316469025
102,SGP,5605165.142857143,63120.168855246884,-0.01,-0.01,-0.01,-0.01,21.0,136696.83333333334,54.92018211020877,17.333333333333332,16795.666666666668,-425.15757668975493
103,DNK,5781809.714285715,59692.14704057041,-498.18333333333334,46.6,97579.8,152840.6,26.833333333333332,34595.0,1576.9449029243144,49.333333333333336,65600.66666666667,104.43424575630979
104,TKM,5846776.714285715,6849.944530835017,-0.01,12.4,25938.2,21137.2,-0.01,-0.01,-0.01,-0.01,-0.01,-0.01
105,KGZ,6326814.285714285,1230.4476603319556,-0.01,11.4,25981.8,7959.8,7.5,23094.333333333332,-647.1613048414956,1.0,58.666666666666664,-605.1015151515153
106,SLV,6421196.142857143,3989.8479982233002,1100.6000000000001,64.0,149753.6,138107.2,3.8333333333333335,11745.333333333334,-359.60556060090084,4.333333333333333,1404.1666666666667,-426.1097428288824
107,NIC,6464283.571428572,2014.5449642515614,-0.01,56.2,130452.2,137625.6,2.8333333333333335,6180.166666666667,-604.4222589286519,1.0,59.333333333333336,-932.4125468164796
108,LBY,6682434.428571428,8435.212072421746,-0.01,86.4,207244.8,125770.6,9.5,83885.83333333333,-212.5404337575212,-0.01,-0.01,-0.01
109,LBN,6768006.428571428,6210.700620622917,699.04,47.6,117264.8,120529.0,5.5,6669.166666666667,497.1043337914946,5.833333333333333,1753.5,-1212.4490495200077
110,PRY,6955223.0,5378.755849631016,-0.01,25.6,63705.4,67415.6,1.0,79.0,-1052.239029535865,13.166666666666666,4173.833333333333,-851.184842737159
111,SRB,6977943.714285715,7161.578714793569,-0.01,28.6,91413.0,87947.8,11.5,8625.666666666666,-867.3673654854377,8.5,6167.0,-35.0644532727963
112,BGR,7030814.0,9280.717257075215,-0.01,52.4,135998.2,88457.2,22.0,91877.0,-654.709361247465,21.333333333333332,26690.5,711.7854021093647
113,LAO,7060843.857142857,2467.9654122177303,-0.01,12.2,30918.6,28709.6,-0.01,-0.01,-0.01,-0.01,-0.01,-0.01
114,HKG,7410814.285714285,46470.17419122797,-0.01,76.8,205093.2,23555.8,42.5,654774.0,0.6285176768369638,11.5,413063.5,-215.50255325956755
115,SLE,7652980.857142857,528.4498473547402,-0.01,9.8,27114.6,15610.2,17.333333333333332,18553.0,-854.7218697784726,1.0,27.0,-995.0425925925928
116,TGO,7894289.0,846.0360922359541,877.6000000000001,20.8,57939.2,39624.2,23.833333333333332,17869.0,-1046.2838276717594,2.0,65.33333333333333,-853.1302721088438
117,CHE,8504495.285714285,86688.36698037598,-0.01,39.4,121095.6,91382.6,19.166666666666668,32756.833333333332,2294.7548240994665,5.333333333333333,2048.8333333333335,581.307694080642
118,PNG,8609435.857142856,2747.337062352503,-0.01,7.8,24151.4,6489.4,4.0,19697.0,-440.39994161547475,1.0,22.0,355.12575757575746
119,AUT,8824359.57142857,48826.829033696384,970.3333333333334,35.6,114389.0,123282.0,19.0,45721.0,1553.5184463011158,20.5,41033.833333333336,1667.8916828118802
120,ISR,8879328.57142857,42460.17499831503,-0.01,156.2,470480.8,527156.8,-0.01,-0.01,-0.01,2.0,196.16666666666666,-875.970249221184
121,TJK,9101000.142857144,879.8649554671803,-0.01,9.4,30207.0,6727.0,-0.01,-0.01,-0.01,-0.01,-0.01,-0.01
122,BLR,9424036.142857144,6343.9395788954125,-0.01,76.4,262979.2,456765.2,10.333333333333334,14163.666666666666,-795.5018619629257,13.0,158895.33333333334,-228.855292652466
123,HND,9587707.714285715,2494.3724795685052,-0.01,59.8,205813.0,195661.8,2.0,12063.666666666666,-712.0205193740619,2.5,542.5,-463.89393241167454
124,ARE,9627721.714285715,39926.11758393994,-0.01,141.8,283926.848,51228.6,34.833333333333336,529941.0,-354.75318092014027,35.5,34658.833333333336,507.79093585249234
125,HUN,9778822.42857143,15639.961505797071,-0.01,45.4,161541.4,330099.4,20.166666666666668,38826.166666666664,184.85438092294544,47.166666666666664,100137.83333333333,119.69087138782584
126,JOR,9877982.857142856,4290.284800418028,-0.01,70.2,248010.4,193537.8,11.333333333333334,58690.0,-230.22872437098908,18.5,7502.833333333333,1127.3572579988297
127,AZE,9923367.57142857,4756.7650313954955,202.49999999999991,35.4,127080.8,103641.4,12.166666666666666,23824.166666666668,-531.6558717222244,1.5,352.5,-1227.9819148936172
128,SWE,10143331.857142856,53763.05394288533,-0.01,38.2,137454.0,152454.0,22.166666666666668,50460.833333333336,1498.451138947148,33.833333333333336,20416.166666666668,-193.03534766837856
129,PRT,10307202.42857143,22098.69964791821,-0.01,68.0,255471.2,302056.0,14.0,38793.5,273.1958341388804,31.166666666666668,22006.833333333332,-141.67241324033216
130,DOM,10622892.285714285,7734.52537105401,-297.89999999999986,91.4,351196.4,336932.8,-0.01,-0.01,-0.01,-0.01,-0.01,-0.01
131,CZE,10629990.142857144,22132.802386418578,-0.01,51.8,200662.2,152832.6,17.5,83764.66666666667,502.24065450561216,19.666666666666668,19673.0,669.0947567732421
132,GRC,10738731.57142857,18803.728383614765,154.56000000000003,48.0,184602.6,244483.6,21.0,50565.5,359.383661290801,35.833333333333336,24902.5,-651.7221614295756
133,SSD,11010299.285714285,1119.6514371656524,-0.01,-0.01,-0.01,-0.01,-0.01,-0.01,-0.01,-0.01,-0.01,-0.01
134,HTI,11121194.42857143,1426.0655337199025,-0.01,23.8,95833.0,8551.4,-0.01,-0.01,-0.01,-0.01,-0.01,-0.01
135,BDI,11189601.714285715,248.28212184353242,-0.01,2.0,5227.911999999999,6521.8,1.5,11.666666666666666,-507.21190476190486,-0.01,-0.01,-0.01
136,CUB,11330697.714285715,8636.547359185173,-0.01,69.0,284532.6,28662.4,8.5,255667.66666666666,-723.1562640780634,1.3333333333333333,94.66666666666667,-123.10727699530526
137,BOL,11352373.42857143,3294.3615807241417,-0.01,119.8,489902.0,489483.4,1.6,1631.2,-589.5106506457416,1.0,792.6,-299.75002523340913
138,BEL,11432704.714285715,45687.7323826332,-0.01,25.4,106066.8,451175.4,23.166666666666668,195125.0,-35.24350843476418,85.33333333333333,482525.1666666667,-15.77321987120331
139,BEN,11497663.0,1224.152163697222,-0.01,25.2,101063.4,14117.0,29.333333333333332,79318.83333333333,-675.1377951782506,1.4,7561.0,-89.30799938279779
140,TUN,11561662.42857143,3800.599187420826,-0.01,32.4,135864.4,142880.0,2.5,593.1666666666666,-331.1752973681748,10.0,1611.2,-640.8230552797088
141,RWA,12310926.857142856,786.6711018542428,1937.4600000000003,4.4,18966.6,18140.8,3.0,26.833333333333332,1034.4030020703933,1.0,3.0,-1569.1166666666668
142,GIN,12436230.42857143,960.424889566273,-0.01,5.6,24116.4,11964.4,24.0,32482.0,-765.8410063009259,1.0,102.5,-1243.1004065040652
143,ZWE,14445851.714285715,1405.4542297298692,-0.01,13.0,67528.8,62165.4,3.5,4684.333333333333,-1108.0170200906095,-0.01,-0.01,-0.01
144,SOM,15039407.714285715,411.58671062578077,-0.01,-0.01,-0.01,-0.01,-0.01,-0.01,-0.01,-0.01,-0.01,-0.01
145,TCD,15493549.0,708.9887591856403,-0.01,1.0,6346.6,6365.2,-0.01,-0.01,-0.01,-0.01,-0.01,-0.01
146,SEN,15868891.714285715,1408.7241481701888,-0.01,16.4,93342.8,93340.8,1.6,12.8,2717.3416666666662,1.0,4.666666666666667,1407.0738095238091
147,KHM,16242698.857142856,1454.368819787174,-0.01,3.6,21725.8,17476.6,8.666666666666666,6095.5,-392.22387690372693,1.0,16.333333333333332,-715.3751700680274
148,GTM,16343083.142857144,4485.652230634166,-0.01,52.8,326171.0,231021.8,4.0,122455.83333333333,-914.8111460821477,1.6666666666666667,2203.6666666666665,-145.7061891796502
149,ECU,17068292.0,6044.281823204171,-0.01,54.0,330140.6,330140.6,-0.01,-0.01,-0.01,-0.01,-0.01,-0.01
150,NLD,17236133.714285713,51201.72478560888,-0.01,28.8,177410.0,1021605.0,35.333333333333336,339635.8333333333,411.95284487715185,114.0,1141757.5,269.3166988538867
151,ZMB,17373398.285714287,1257.7049130471448,572.6999999999999,9.6,59190.2,48941.8,13.333333333333334,13826.666666666666,-902.1526679524271,1.8,3948.0,-317.39427558257375
152,SYR,17478600.285714287,985.9266110219793,-0.01,20.0,125289.4,112619.8,6.6,18788.8,-818.5028257969288,1.3333333333333333,46.0,-590.8557971014495
153,MWI,18167193.0,518.6264571866416,-0.01,19.6,127598.2,126077.4,2.8333333333333335,286.6666666666667,808.4027131782943,1.0,206.4,39.41046511627883
154,KAZ,18274716.285714287,9502.327147966393,-559.8,49.4,326701.6,169650.6,11.166666666666666,172530.33333333334,-859.1761280303047,4.5,6779.166666666667,-469.87061053062916
155,CHL,18665519.285714287,14563.520611043612,-0.01,93.0,627033.0,643267.2,5.5,118935.0,-440.3026085677052,26.666666666666668,95941.0,941.5409249781981
156,MLI,19108426.42857143,847.7350875312692,-0.01,7.2,48954.4,50952.4,6.333333333333333,449.5,171.5210789766404,1.0,11.0,4627.85303030303
157,ROU,19474983.14285714,11939.089972675174,75.88333333333333,48.0,344203.2,450503.2,25.0,102658.66666666667,-501.1530374661231,35.833333333333336,62535.5,353.2700843254363
158,BFA,19774775.14285714,786.3798367697568,-0.01,6.6,45115.4,45053.6,4.833333333333333,70.0,-814.3547619047621,-0.01,-0.01,-0.01
159,LKA,21595000.0,3857.7081577817535,778.6333333333333,23.8,183838.8,184782.4,5.666666666666667,223.66666666666666,352.14513164431196,4.0,1532.8,-951.9889700765485
160,NER,22497690.85714286,545.2977268272754,-0.01,3.0,22697.0,18378.6,10.833333333333334,2881.0,-602.8433819275717,1.0,27.5,-990.328787878788
161,AUS,24912816.85714286,55043.21617993133,-252.39999999999986,128.0,1148188.2,1194010.2,1.4,911.4,931.1027759490892,32.0,34006.666666666664,-461.83214729138103
162,CIV,25100576.14285714,2246.7991000027105,-0.01,5.8,50481.2,47890.2,8.166666666666666,925.6666666666666,-507.47940823430577,1.5,7.0,871.3595238095238
163,CMR,25236252.714285713,1518.8223821618012,-0.01,9.4,81888.0,78788.0,6.0,649.5,-514.3309340518349,-0.01,-0.01,-0.01
164,PRK,25543276.714285713,-0.01,-0.01,3.2,31263.6,29649.2,-0.01,-0.01,-0.01,-0.01,-0.01,-0.01
165,MDG,26292704.57142857,496.72259778851253,-0.01,5.0,48327.0,48312.0,3.3333333333333335,32.666666666666664,-562.3139455782316,-0.01,-0.01,-0.01
166,NPL,28203900.0,1090.8511910859506,514.6166666666667,5.8,56239.6,56157.6,1.4,81.8,3809.4489405052973,-0.01,-0.01,-0.01
167,YEM,28496873.42857143,930.9477462793943,3098.6666666666665,27.8,282039.0,178366.4,10.333333333333334,69535.33333333333,-202.97746964772523,1.5,72.0,-430.2277777777779
168,VEN,29125627.42857143,-0.01,-0.01,55.2,594594.8,548614.4,1.75,57612.25,791.3831980901052,1.3333333333333333,182.33333333333334,-1499.9515234613043
169,MOZ,29543067.14285714,496.365621647612,1632.5500000000002,10.2,105600.0,89191.6,-0.01,-0.01,-0.01,-0.01,-0.01,-0.01
170,GHA,29777521.85714286,2158.827081555401,-0.01,18.8,201958.2,60771.8,32.666666666666664,165213.33333333334,-919.475125763323,1.25,481.25,-1121.237878787879
171,AGO,30854085.14285714,2221.332822281014,-0.01,27.2,298507.8,41974.0,-0.01,-0.01,-0.01,-0.01,-0.01,-0.01
172,MYS,31525755.285714287,10728.23029244134,274.84000000000003,100.6,1141098.4,1604304.2,13.666666666666666,67944.66666666667,300.4986412145829,12.0,9900.5,-507.09117973839716
173,PER,31953151.85714286,6537.568977636617,-0.01,103.6,1190987.6,1508900.0,5.166666666666667,47737.333333333336,-650.7066637805028,-0.01,-0.01,-0.01
174,UZB,33031285.714285713,2095.4078251809988,-0.01,6.0,69528.8,57858.0,-0.01,-0.01,-0.01,-0.01,-0.01,-0.01
175,SAU,33626876.428571425,21995.9409199791,1646.3000000000002,107.6,1299417.8,593035.2,17.333333333333332,718329.0,128.37361981766003,17.333333333333332,32020.0,2203.228742452634
176,MAR,36018191.28571428,3131.568969726565,-0.01,51.2,665838.8,692400.0,4.166666666666667,863.6666666666666,-452.688003344912,4.666666666666667,231.33333333333334,-852.4980307396736
177,CAN,37043893.85714286,45683.11080503065,-0.01,95.8,1284545.2,1235638.4,6.166666666666667,151525.16666666666,488.70742782735374,43.5,95827.0,-71.3411615028474
178,AFG,37152884.28571428,512.9231276828389,-0.01,4.8,63211.6,26878.4,12.5,40973.333333333336,-583.3061123766138,1.0,37.0,-897.9454954954957
179,POL,37935949.14285714,14968.332531934531,-0.01,66.8,924819.4,2007236.4,19.833333333333332,33476.833333333336,86.36232958779101,86.0,741225.3333333334,107.16500986054893
180,IRQ,38411562.428571425,5121.736878412244,-0.01,27.4,317476.2,95796.2,-0.01,-0.01,-0.01,-0.01,-0.01,-0.01
181,SDN,41848166.85714286,1279.4381103515634,-0.01,4.0,56795.0,67600.0,-0.01,-0.01,-0.01,-0.01,-0.01,-0.01
182,DZA,42202532.85714286,3887.9869428086417,528.9166666666666,17.8,269267.8,263189.2,1.25,7.0,-557.2119047619049,1.6666666666666667,659.6666666666666,-612.9940458143847
183,UGA,42700622.85714286,805.5165315140657,-0.01,4.2,66098.2,65013.6,6.666666666666667,224.33333333333334,-771.4445517582964,3.6666666666666665,358.6666666666667,855.2947335811648
184,ARG,44483695.571428575,11294.29080763553,-530.1333333333333,119.0,1908519.8,2107173.4,1.5,4064.0,-105.61601049868796,38.333333333333336,193251.66666666666,-309.712838037907
185,UKR,44563599.28571428,3276.287231445315,-0.01,64.8,1052641.2,1227100.0,20.333333333333332,89267.66666666667,-1236.9539699580166,82.16666666666667,287764.5,-360.96526740326453
186,ESP,46877832.428571425,28226.152525882997,-509.48333333333335,73.8,1258658.0,1334123.6,24.0,105565.5,267.6679204695977,60.5,155156.5,-106.03315636148045
187,COL,49536397.571428575,6106.379596425305,12.224999999999966,90.4,1615967.2,1557951.0,1.3333333333333333,61915.166666666664,-733.263756816002,2.5,1146.8333333333333,-721.3958896478227
188,KEN,51410650.71428572,1762.0235299776741,2626.65,4.2,81246.8,81869.2,3.5,660.5,1140.8252964925562,4.333333333333333,22.166666666666668,2828.126441102757
189,KOR,51503665.14285714,31619.27770070809,-0.01,47.6,890551.6,808117.6,9.333333333333334,121456.83333333333,185.91587118514417,3.6666666666666665,30092.166666666668,-675.4354022549244
190,MMR,53725427.428571425,1248.7567230888926,-0.01,76.2,1487429.6,1558045.4,-0.01,-0.01,-0.01,-0.01,-0.01,-0.01
191,TZA,56391967.14285714,1042.5282287597652,-0.01,4.6,89305.6,84974.2,6.333333333333333,3008.0,-732.9021276595747,2.0,39.5,-1064.8972573839665
192,ZAF,57757891.71428572,6382.790334524628,89.41666666666667,100.0,2077889.4,1725153.2,17.5,436875.0,-970.0891034811638,29.5,53074.166666666664,-353.6859538800527
193,ITA,60080197.428571425,32814.170061073804,-0.01,38.6,855261.0,1005225.0,25.166666666666668,49170.833333333336,333.5565531169675,64.5,91695.83333333333,378.9183524939033
194,GBR,66355844.428571425,43675.66796254797,-0.01,68.2,1662895.4,1652400.0,24.666666666666668,372537.0,1584.398286210497,80.0,292608.3333333333,-754.4191662157417
195,FRA,67060071.85714286,39740.42620051308,0.0,38.6,935836.0,1152012.6,29.0,369163.3333333333,870.6185303403793,103.83333333333333,286446.5,163.34035410335468
196,THA,69385786.57142857,6889.807617090738,-0.01,30.8,778093.8,1653921.0,7.333333333333333,1123.8333333333333,-241.64126007217374,24.666666666666668,256691.33333333334,785.9730173550417
197,IRN,81780842.42857143,4254.723448605685,-0.01,74.0,2179505.2,2179297.0,3.5,3611.0,-901.3884288747348,10.5,55826.0,-703.5223796558355
198,TUR,82089318.85714285,9766.632046835744,-0.01,54.8,1624615.0,2044030.0,8.0,16317.5,-845.1342347173282,70.5,417827.6666666667,-554.698707534659
199,DEU,82711597.42857143,45843.72669287765,-351.5166666666667,30.0,910763.0,1027057.2,30.0,464818.5,637.1034314289698,96.33333333333333,294128.0,348.1738780394928
200,COD,84175782.42857143,543.1804627122423,-0.01,3.6,109399.8,10551.4,26.333333333333332,96591.0,-787.6342649246136,1.0,70.33333333333333,-1247.631674565561
201,VNM,95490519.85714285,3200.583103524789,2485.6,26.4,912196.0,811581.0,29.333333333333332,138615.16666666666,-478.43054245306666,8.0,9606.166666666666,55.27102411066949
202,EGY,98390945.42857143,3347.431633542197,133.15000000000003,37.6,1323525.2,1198814.2,6.0,66248.0,194.88375598760194,7.2,530.6,13.933967835155045
203,PHL,106620850.0,3277.0326517647986,-0.01,33.4,1287291.8,1287506.0,17.0,205666.0,-807.0072270898773,1.5,1381.1666666666667,2134.6160874462003
204,ETH,109283112.28571428,810.894831034258,-0.01,2.0,76531.0,73606.2,5.166666666666667,262.5,710.5658730158727,-0.01,-0.01,-0.01
205,MEX,126132891.42857143,9392.74190843776,-66.38333333333337,88.2,4012383.0,3213378.4,4.166666666666667,833621.6666666666,-806.9389135025949,11.5,4031.25,-1064.2174418604654
206,JPN,126653656.14285715,38954.09361436862,-0.01,40.4,1869497.8,2213249.8,15.833333333333334,551423.1666666666,471.6266443033212,4.0,9500.166666666666,58.95710981678667
207,RUS,144191332.14285713,10529.3818359375,-180.6666666666667,84.4,4473131.4,4402228.6,7.0,221569.66666666666,-224.5197578439088,31.5,132571.33333333334,-410.12595139555924
208,BGD,161333517.42857143,1974.418006711375,-0.01,3.2,201036.4,195080.4,3.1666666666666665,93.5,-830.2574866310163,1.3333333333333333,1.3333333333333333,3514.2166666666662
209,NGA,196049932.0,2217.2072111027587,-0.01,3.6,249117.0,240326.8,9.5,9810.25,107.3908977005342,1.0,7.0,-1664.3547619047622
210,BRA,209362904.14285713,8314.200763370174,-0.01,121.8,9227183.2,13403957.6,1.6666666666666667,4007.6666666666665,595.0409201807645,130.33333333333334,3897042.6666666665,-185.60241836943965
211,PAK,212264340.57142857,1492.3600467284307,-0.01,13.4,1024641.0,1285800.0,5.0,99.83333333333333,397.77259321090673,6.833333333333333,3572.6666666666665,-896.1677334079743
212,IDN,267538876.7142857,3847.662424026368,-0.01,20.8,2013477.0,2882430.6,1.0,5.0,1264.2166666666665,1.3333333333333333,203.33333333333334,-252.17677595628425
213,USA,326785122.0,62474.12394786003,-0.01,132.8,15787503.2,19194914.6,3.3333333333333335,61489.166666666664,1744.5289167920275,133.66666666666666,3229443.8333333335,-768.1464394058291
214,IND,1352259982.5714285,1936.5331793677105,-0.01,7.8,3835862.0,3743897.6,1.8333333333333333,57.666666666666664,-651.9683044315993,10.833333333333334,4993.833333333333,-354.17935509350445
215,CHN,1399690000.0,9854.162979554125,623.08,26.8,13850282.0,13308111.4,7.5,703781.1666666666,564.270400225417,20.0,176624.33333333334,815.8894259882397
266,TWN,-0.01,-0.01,-0.01,85.2,733789.2,567827.8,2.8333333333333335,195994.5,-796.7501801921314,13.5,4586.833333333333,-830.4383240676818
267,COK,-0.01,-0.01,-0.01,-0.01,-0.01,-0.01,2.6666666666666665,1391.6666666666667,-223.56776447105813,-0.01,-0.01,-0.01
